# HTTPS toggle	# HTTPS の切替
# false : serve on port 80 in plain HTTP, no redirect. The browser	# false : ポート 80 で平文 HTTP を配信し、リダイレクトしません。
#         opens the install wizard without a self-signed-cert warning.	#         自己署名証明書の警告なしにインストールウィザードを開けます。
#         Default.	#         デフォルト。
# true  : serve on port 443 with the bundled self-signed certificate;	# true  : 同梱の自己署名証明書でポート 443 を配信し、ポート 80 から
#         port 80 redirects to HTTPS. Use when you need TLS locally.	#         HTTPS にリダイレクトします。ローカルで TLS が必要なときに使用。
# After changing this value, re-run ./setup.sh.	# 値を変更したら ./setup.sh を再実行してください。
# Docker host-side port mapping	# Docker ホスト側のポートマッピング
# Change only when local ports conflict with other services.	# ローカルで他のサービスとポートが競合する場合のみ変更
# Database credentials (used by docker-compose to bootstrap MariaDB).	# データベース認証情報 (docker-compose が MariaDB を初期化する際に使用)。
# Enter the same values during the Dixlase install wizard.	# Dixlase インストールウィザードで同じ値を入力します。
