# Dixlase setup script	# Dixlase セットアップスクリプト
# Purpose: Clone the core from GitHub and build the Docker environment.	# 用途: GitHub からコアをクローンし、Docker 環境を構築
# Usage:	# 使い方:
#   ./setup.sh                  # Production mode (pre-built assets)	#   ./setup.sh                  # 本番モード (ビルド済みアセット運用)
#   ./setup.sh --dev            # Development mode (Vite hot-reload)	#   ./setup.sh --dev            # 開発モード (Vite hot-reload 有効)
#   ./setup.sh <branch>         # Clone the specified branch (default: main)	#   ./setup.sh <branch>         # 指定ブランチをクローン (デフォルト: main)
#   ./setup.sh --dev <branch>   # Development mode + specified branch	#   ./setup.sh --dev <branch>   # 開発モード + ブランチ指定
# Repository URLs can be overridden via environment variables. Default is public HTTPS.	# リポジトリ URL は環境変数で上書き可能。デフォルトは公開 HTTPS。
# Parse arguments: --dev flag and branch name	# 引数パース: --dev フラグとブランチ名
# 1. Clone the core from GitHub	# 1. GitHub からコアをクローン
# 1.5. Fetch submodules (themes etc.)	# 1.5. サブモジュール（テーマ等）を取得
# Clone directly instead of using a submodule (handles commits the core may not reach)	# サブモジュールではなく直接クローン（コアが参照するコミットが存在しない場合に対応）
# git clone of core left an empty placeholder directory for every	# core の git clone は core の .gitmodules に列挙されたサブモジュール
# submodule listed in core's .gitmodules. Plugins are not auto-installed	# ごとに空のプレースホルダーディレクトリを残します。プラグインは
# by setup.sh; the install wizard installs them. Remove the empty	# setup.sh では自動インストールせず、インストールウィザードで導入する
# placeholders so html/ does not look half-installed. rmdir is safe:	# 方針のため、html/ が半端に見えないよう空のプレースホルダーを削除します。
# it only deletes empty directories, so any submodule we have already	# rmdir は空ディレクトリしか削除しないため、既に展開済みのサブモジュール
# populated (themes/DixlaseOnePage above, or anything the wizard added	# (上で展開した themes/DixlaseOnePage や、再実行時にウィザードが
# on a re-run) is left untouched.	# 配置したもの) はそのまま残ります。
# 2. Set up .env	# 2. .env のセットアップ
# Root .env (used by Docker Compose to interpolate ports / DB credentials)	# ルート .env (Docker Compose 用) — ポート/DB認証情報の補間に使用
# 3. Generate SSL certificate	# 3. SSL 証明書の生成
# 4. Build and start Docker containers	# 4. Docker イメージのビルドと起動
# Wait for containers to start	# コンテナの起動を待つ
# 5. Set up Laravel	# 5. Laravel のセットアップ
# Reinstall because vendor/node_modules are missing on the host due to the volume mount	# ボリュームマウントにより vendor/node_modules がホスト側で欠落しているため再インストール
# Artisan steps require html/.env. On a clean install that file is created by	# artisan ステップには html/.env が必要。クリーンインストール時はそのファイルが
# the Dixlase install wizard, so these steps run only on re-runs.	# Dixlase インストールウィザードで生成されるため、これらのステップは再実行時のみ動作する。
# 6. Build assets (production mode only)	# 6. アセットのビルド (本番モードのみ)
# Remove the hot file so the built assets are used	# hot ファイルを削除してビルド済みアセットを使用させる
# Done	# 完了
# Derive NGINX_VARIANT from the HTTPS flag so docker-compose mounts the	# HTTPS フラグから NGINX_VARIANT を導出し、docker-compose に対応する
# matching nginx config. Re-derive on every run so toggling HTTPS in	# nginx 設定をマウントさせる。.env の HTTPS を切り替えた次回実行時に
# .env takes effect on the next setup.sh.	# 反映されるよう、毎回再導出する。
# Derive COMPOSE_PROFILES from VITE / REDIS so docker-compose starts the	# VITE / REDIS から COMPOSE_PROFILES を導出し、docker-compose に対応する
# right optional containers. CLI --dev forces VITE on for this run.	# 任意コンテナを起動させる。CLI の --dev は今回の実行に限り VITE を強制 ON。
# REDIS defaults to false when unset/empty.	# REDIS は空 / 未設定のとき false 扱い。
# Sync DEV_MODE with the effective VITE flag so step [6/6] and other	# 実際に動く内容と一致するよう、有効な VITE フラグと DEV_MODE を同期させる
# downstream logic reflect what actually runs.	# (ステップ [6/6] と以降のロジックの整合)。
# Active profiles are picked up via COMPOSE_PROFILES in .env.	# 有効な profile は .env の COMPOSE_PROFILES から自動的に拾われる。
# Read the actual ports from .env and display them	# .env から実際のポートを読み取って表示
# Build CMS URL based on the HTTPS flag; omit the port when it is the	# HTTPS フラグに応じて CMS の URL を構築。選択したスキームの標準ポート
# standard 80 / 443 for the chosen scheme.	# (80 / 443) のときは URL からポート番号を省略する。
Development mode (Vite hot-reload)	開発モード (Vite hot-reload)
Production mode (pre-built assets)	本番モード (ビルド済みアセット)
[1/6] html/ already exists.	[1/6] html/ が既に存在します。
  Delete and re-clone? (y/N): 	  削除してクリーンクローンしますか? (y/N):
  Deleting html/...	  html/ を削除中...
  Cloning from GitHub...	  GitHub からクローン中...
  Keeping existing html/.	  既存の html/ をそのまま使用します。
[1/6] Cloning from GitHub...	[1/6] GitHub からクローン中...
[1.5/6] Initializing submodules...	[1.5/6] サブモジュールを初期化中...
  Fetching themes/DixlaseOnePage...	  themes/DixlaseOnePage を取得中...
  Removed empty submodule placeholder: $submodule_path	  空のサブモジュールプレースホルダーを削除: $submodule_path
  Submodule fetch complete.	  サブモジュールの取得が完了しました。
[2/6] Setting up .env...	[2/6] .env をセットアップ中...
  Copied .env.example -> .env (for Docker Compose).	  .env.example → .env (Docker Compose 用) にコピーしました。
  .env already exists (skipped).	  .env は既に存在します（スキップ）。
[3/6] Generating SSL certificate...	[3/6] SSL 証明書を生成中...
  Certificate already exists (skipped).	  証明書は既に存在します（スキップ）。
  Certificate generated.	  証明書を生成しました。
[4/6] Building and starting Docker containers...	[4/6] Docker コンテナをビルド・起動中...
  Waiting for containers to start...	  コンテナの起動を待機中...
[5/6] Setting up Laravel...	[5/6] Laravel をセットアップ中...
  Running composer install...	  composer install 実行中...
  Running npm install...	  npm install 実行中...
  Generated APP_KEY.	  APP_KEY を生成しました。
  Created storage symlink.	  ストレージリンクを作成しました。
  Cleared caches.	  キャッシュをクリアしました。
  Skipping artisan steps — the install wizard will run them.	  artisan ステップをスキップ — インストールウィザードが実行します。
[6/6] Development mode: Vite dev server is running in the vite container...	[6/6] 開発モード: Vite dev サーバーが vite コンテナで起動中...
      Build skipped (hot-reload enabled).	      ビルドはスキップされます (hot-reload 有効)。
[6/6] Building frontend assets...	[6/6] フロントエンドアセットをビルド中...
  Setup complete!	  セットアップ完了!
  Access URLs:	  アクセス URL:
  Next steps:	  次のステップ:
    1. Open $APP_URL in your browser.	    1. $APP_URL にアクセス
    2. The install wizard will appear.	    2. インストールウィザードが表示されます
    3. After install, start operations in the admin panel.	    3. セットアップ完了後、管理画面で運用開始
  Useful commands:	  便利なコマンド:
# View logs	# ログを確認
# Open a shell in the container	# コンテナに入る
# Full reset of the environment	# 環境を完全リセット
# Pull latest from GitHub	# GitHub から最新を取得
