# Dixlase source update	# Dixlase ソース更新
# Pulls the latest code from GitHub and refreshes the container.	# GitHub から最新のコードを pull してコンテナを再構築
# Update Composer / npm dependencies	# Composer/npm 更新
# Run migrations	# マイグレーション
# Clear cache	# キャッシュクリア
  Dixlase - Source update	  Dixlase - ソース更新
  html/ not found. Run setup.sh first.	  html/ が見つかりません。setup.sh を先に実行してください。
[1/4] Pulling latest from GitHub...	[1/4] GitHub から最新を取得中...
[2/4] Updating dependencies...	[2/4] 依存パッケージを更新中...
  composer install complete.	  composer install 完了。
[3/4] Running migrations...	[3/4] マイグレーションを実行中...
  Migrations complete.	  マイグレーション完了。
[4/4] Clearing caches...	[4/4] キャッシュをクリア中...
  Caches cleared.	  キャッシュクリア完了。
  Update complete!	  更新完了!
# setup.sh hands html/ to www-data so the install wizard can write there,	# setup.sh は install ウィザードが書き込めるよう html/ を www-data に渡すため、
# so git sees a worktree owned by another user and refuses it with	# git からは他ユーザー所有の作業ツリーに見え、
# "detected dubious ownership in repository". Allow this one path for	# "detected dubious ownership in repository" として拒否される。運用者のグローバル
# these commands instead of touching the operator's global git config.	# git 設定を変更する代わりに、これらのコマンドに限りこのパスを許可する。
# setup.sh leaves .git itself host-owned, so these writes still work.	# setup.sh は .git 自体をホスト所有のまま残すので、これらの書き込みは成立する。
