# HTTPS toggle	# HTTPS toggle
# false : serve on port 80 in plain HTTP, no redirect. The browser	# false : serve on port 80 in plain HTTP, no redirect. The browser
#         opens the install wizard without a self-signed-cert warning.	#         opens the install wizard without a self-signed-cert warning.
#         Default.	#         Default.
# true  : serve on port 443 with the bundled self-signed certificate;	# true  : serve on port 443 with the bundled self-signed certificate;
#         port 80 redirects to HTTPS. Use when you need TLS locally.	#         port 80 redirects to HTTPS. Use when you need TLS locally.
# After changing this value, re-run ./setup.sh.	# After changing this value, re-run ./setup.sh.
# Docker host-side port mapping	# Docker host-side port mapping
# Change only when local ports conflict with other services.	# Change only when local ports conflict with other services.
# Database credentials (used by docker-compose to bootstrap MariaDB).	# Database credentials (used by docker-compose to bootstrap MariaDB).
# Enter the same values during the Dixlase install wizard.	# Enter the same values during the Dixlase install wizard.
