# Install system packages	# Install system packages
# Install Node.js 20 (NodeSource)	# Install Node.js 20 (NodeSource)
# Install PHP extensions	# Install PHP extensions
# Configure GD library	# Configure GD library
# Install Redis PHP extension (PECL); enables Laravel cache / session / queue	# Install Redis PHP extension (PECL); enables Laravel cache / session / queue
# drivers that target Redis. Required by the Dixlase install wizard's Redis	# drivers that target Redis. Required by the Dixlase install wizard's Redis
# requirement check (extension_loaded('redis')).	# requirement check (extension_loaded('redis')).
# Copy PHP configuration file	# Copy PHP configuration file
# Install Composer	# Install Composer
# Set working directory	# Set working directory
# Install dependencies (only if html/ exists)	# Install dependencies (only if html/ exists)
# Core's composer.json requires the private `dixlase/dixlase-onepage`	# Core's composer.json requires the private `dixlase/dixlase-onepage`
# theme from a private GitHub repo. Mount the host's	# theme from a private GitHub repo. Mount the host's
# ~/.composer/auth.json as a BuildKit secret so the token is available	# ~/.composer/auth.json as a BuildKit secret so the token is available
# only at build time (never baked into the resulting image). The	# only at build time (never baked into the resulting image). The
# `required=false` keeps builds that do not need private deps working	# `required=false` keeps builds that do not need private deps working
# without an auth.json on the host.	# without an auth.json on the host.
# Install npm packages	# Install npm packages
# Copy application source code	# Copy application source code
# Build the application	# Build the application
# Default command	# Default command
# Trust /var/www/html no matter who owns it. app-entrypoint.sh chowns the	# Trust /var/www/html no matter who owns it. app-entrypoint.sh chowns the
# html root to www-data on every start so the install wizard can create	# html root to www-data on every start so the install wizard can create
# .env there, but everything invoked through `docker compose exec` runs as	# .env there, but everything invoked through `docker compose exec` runs as
# root. git then refuses the bind-mounted core checkout with "detected	# root. git then refuses the bind-mounted core checkout with "detected
# dubious ownership in repository at '/var/www/html'", which composer	# dubious ownership in repository at '/var/www/html'", which composer
# surfaces as a fatal-looking block on every install while it probes the	# surfaces as a fatal-looking block on every install while it probes the
# root package version. The container is single-tenant and the directory	# root package version. The container is single-tenant and the directory
# is the app itself, so the ownership check protects nothing here.	# is the app itself, so the ownership check protects nothing here.
