# Dixlase setup script	# Dixlase setup script
# Purpose: Clone the core from GitHub and build the Docker environment.	# Purpose: Clone the core from GitHub and build the Docker environment.
# Usage:	# Usage:
#   ./setup.sh                  # Production mode (pre-built assets)	#   ./setup.sh                  # Production mode (pre-built assets)
#   ./setup.sh --dev            # Development mode (Vite hot-reload)	#   ./setup.sh --dev            # Development mode (Vite hot-reload)
#   ./setup.sh <branch>         # Clone the specified branch (default: main)	#   ./setup.sh <branch>         # Clone the specified branch (default: main)
#   ./setup.sh --dev <branch>   # Development mode + specified branch	#   ./setup.sh --dev <branch>   # Development mode + specified branch
# Repository URLs can be overridden via environment variables. Default is public HTTPS.	# Repository URLs can be overridden via environment variables. Default is public HTTPS.
# Parse arguments: --dev flag and branch name	# Parse arguments: --dev flag and branch name
# 1. Clone the core from GitHub	# 1. Clone the core from GitHub
# 1.5. Fetch submodules (themes etc.)	# 1.5. Fetch submodules (themes etc.)
# Clone directly instead of using a submodule (handles commits the core may not reach)	# Clone directly instead of using a submodule (handles commits the core may not reach)
# Mirror the html/ prompt: if themes/DixlaseOnePage already has content	# Mirror the html/ prompt: if themes/DixlaseOnePage already has content
# (user kept html/ above, or has local theme work), ask before	# (user kept html/ above, or has local theme work), ask before
# overwriting; otherwise (fresh clone or empty submodule placeholder)	# overwriting; otherwise (fresh clone or empty submodule placeholder)
# just clone.	# just clone.
# git clone of core left an empty placeholder directory for every	# git clone of core left an empty placeholder directory for every
# submodule listed in core's .gitmodules. Anything not explicitly	# submodule listed in core's .gitmodules. Anything not explicitly
# cloned above (plugins, additional themes) is left to the install	# cloned above (plugins, additional themes) is left to the install
# wizard. Remove the empty placeholders so html/ does not look	# wizard. Remove the empty placeholders so html/ does not look
# half-installed. rmdir is safe: it only deletes empty directories,	# half-installed. rmdir is safe: it only deletes empty directories,
# so any submodule we have already populated (themes/DixlaseOnePage	# so any submodule we have already populated (themes/DixlaseOnePage
# above, or anything the wizard added on a re-run) is left untouched.	# above, or anything the wizard added on a re-run) is left untouched.
# 2. Set up .env	# 2. Set up .env
# Root .env (used by Docker Compose to interpolate ports / DB credentials)	# Root .env (used by Docker Compose to interpolate ports / DB credentials)
# Derive NGINX_VARIANT from the HTTPS flag and COMPOSE_PROFILES from	# Derive NGINX_VARIANT from the HTTPS flag and COMPOSE_PROFILES from
# VITE / REDIS. Values are exported to setup.sh's process environment	# VITE / REDIS. Values are exported to setup.sh's process environment
# so docker-compose picks them up below; we deliberately do NOT write	# so docker-compose picks them up below; we deliberately do NOT write
# them back to .env (.env is user-owned). --dev forces VITE on.	# them back to .env (.env is user-owned). --dev forces VITE on.
# REDIS defaults to false when unset/empty.	# REDIS defaults to false when unset/empty.
# Sync DEV_MODE with the effective VITE flag so step [6/6] and other	# Sync DEV_MODE with the effective VITE flag so step [6/6] and other
# downstream logic reflect what actually runs.	# downstream logic reflect what actually runs.
# 3. Generate SSL certificate	# 3. Generate SSL certificate
# 4. Build and start Docker containers	# 4. Build and start Docker containers
# If containers from a previous run exist, offer to recreate them.	# If containers from a previous run exist, offer to recreate them.
# Recreation guarantees a clean state and avoids Docker Desktop bind-mount	# Recreation guarantees a clean state and avoids Docker Desktop bind-mount
# caching where freshly built host files are not visible to running containers.	# caching where freshly built host files are not visible to running containers.
# Active profiles are picked up from COMPOSE_PROFILES exported above.	# Active profiles are picked up from COMPOSE_PROFILES exported above.
# Wait for containers to start	# Wait for containers to start
# 5. Install Laravel dependencies	# 5. Install Laravel dependencies
# composer/npm install are the only things setup.sh has to do before	# composer/npm install are the only things setup.sh has to do before
# the wizard runs — everything else (.env, key:generate, migrate,	# the wizard runs — everything else (.env, key:generate, migrate,
# storage:link, cache:clear, dls:tailwind:regenerate-plugin-sources)	# storage:link, cache:clear, dls:tailwind:regenerate-plugin-sources)
# is handled by core's CheckInstallationReady middleware and	# is handled by core's CheckInstallationReady middleware and
# InstallConfirmController during the wizard flow.	# InstallConfirmController during the wizard flow.
# Reinstall because vendor/node_modules are missing on the host due to the volume mount	# Reinstall because vendor/node_modules are missing on the host due to the volume mount
# 6. Build assets (production mode only)	# 6. Build assets (production mode only)
# Compute APP_URL once so the wizard-completion prompt below and the	# Compute APP_URL once so the wizard-completion prompt below and the
# final summary can both show it. Omit the port when it is the standard	# final summary can both show it. Omit the port when it is the standard
# 80 / 443 for the chosen scheme.	# 80 / 443 for the chosen scheme.
# Wait for the user to complete the install wizard before building	# Wait for the user to complete the install wizard before building
# theme assets. The wizard generates html/.env, runs migrations, and	# theme assets. The wizard generates html/.env, runs migrations, and
# calls dls:tailwind:regenerate-plugin-sources — all prerequisites	# calls dls:tailwind:regenerate-plugin-sources — all prerequisites
# for the theme's vite build (its tailwind.css @imports the plugin	# for the theme's vite build (its tailwind.css @imports the plugin
# source aggregator CSS). Without this pause the theme build would	# source aggregator CSS). Without this pause the theme build would
# race the wizard and fail on missing DB tables or CSS imports.	# race the wizard and fail on missing DB tables or CSS imports.
# Remove the hot file so the built assets are used	# Remove the hot file so the built assets are used
# Build theme assets via core's dls:theme:build artisan: it runs	# Build theme assets via core's dls:theme:build artisan: it runs
# npm install + npm run build inside themes/<name>/ and creates the	# npm install + npm run build inside themes/<name>/ and creates the
# public/assets/themes/<name> symlink. The plugin tailwind aggregator	# public/assets/themes/<name> symlink. The plugin tailwind aggregator
# that the theme's tailwind.css @imports was already generated by	# that the theme's tailwind.css @imports was already generated by
# the wizard (InstallConfirmController calls	# the wizard (InstallConfirmController calls
# dls:tailwind:regenerate-plugin-sources after migrate).	# dls:tailwind:regenerate-plugin-sources after migrate).
# Restart web so nginx sees freshly built assets. Docker Desktop bind	# Restart web so nginx sees freshly built assets. Docker Desktop bind
# mounts on macOS sometimes hide files that appeared after the container	# mounts on macOS sometimes hide files that appeared after the container
# started; restarting forces nginx to re-read the mounted directory.	# started; restarting forces nginx to re-read the mounted directory.
# Done	# Done
# APP_URL / port values were already computed before [6/6] above so the	# APP_URL / port values were already computed before [6/6] above so the
# wizard-completion prompt could show the URL; reuse them here.	# wizard-completion prompt could show the URL; reuse them here.
Development mode (Vite hot-reload)	Development mode (Vite hot-reload)
Production mode (pre-built assets)	Production mode (pre-built assets)
[1/6] html/ already exists.	[1/6] html/ already exists.
  Delete and re-clone? (y/N): 	  Delete and re-clone? (y/N):
  Deleting html/...	  Deleting html/...
  Cloning from GitHub...	  Cloning from GitHub...
  Keeping existing html/.	  Keeping existing html/.
[1/6] Cloning from GitHub...	[1/6] Cloning from GitHub...
[1.5/6] Initializing submodules...	[1.5/6] Initializing submodules...
  themes/DixlaseOnePage already exists.	  themes/DixlaseOnePage already exists.
  Deleting themes/DixlaseOnePage...	  Deleting themes/DixlaseOnePage...
  Keeping existing themes/DixlaseOnePage.	  Keeping existing themes/DixlaseOnePage.
  Fetching themes/DixlaseOnePage...	  Fetching themes/DixlaseOnePage...
  Removed empty submodule placeholder: $submodule_path	  Removed empty submodule placeholder: $submodule_path
  Submodule fetch complete.	  Submodule fetch complete.
[2/6] Setting up .env...	[2/6] Setting up .env...
  Copied .env.example -> .env (for Docker Compose).	  Copied .env.example -> .env (for Docker Compose).
  .env already exists (skipped).	  .env already exists (skipped).
[3/6] Generating SSL certificate...	[3/6] Generating SSL certificate...
  Certificate already exists (skipped).	  Certificate already exists (skipped).
  Certificate generated.	  Certificate generated.
[4/6] Building and starting Docker containers...	[4/6] Building and starting Docker containers...
  Existing containers detected ($EXISTING_CONTAINERS).	  Existing containers detected ($EXISTING_CONTAINERS).
  Recreate them for a clean start? (y/N): 	  Recreate them for a clean start? (y/N):
  Removing existing containers...	  Removing existing containers...
  Keeping existing containers (in-place restart).	  Keeping existing containers (in-place restart).
  Waiting for containers to start...	  Waiting for containers to start...
[5/6] Installing Laravel dependencies...	[5/6] Installing Laravel dependencies...
  Running composer install...	  Running composer install...
  Running npm install...	  Running npm install...
[6/6] Development mode: Vite dev server is running in the vite container...	[6/6] Development mode: Vite dev server is running in the vite container...
      Build skipped (hot-reload enabled).	      Build skipped (hot-reload enabled).
  Open the install wizard in your browser to set up Dixlase:	  Open the install wizard in your browser to set up Dixlase:
  Complete the wizard (DB / admin user / site settings).	  Complete the wizard (DB / admin user / site settings).
  Press Enter once the wizard is complete to build theme assets: 	  Press Enter once the wizard is complete to build theme assets:
[6/6] Building frontend assets...	[6/6] Building frontend assets...
  Building theme assets (themes/DixlaseOnePage)...	  Building theme assets (themes/DixlaseOnePage)...
  Restarting web to refresh asset mount...	  Restarting web to refresh asset mount...
  Setup complete!	  Setup complete!
  Access URLs:	  Access URLs:
  Next steps:	  Next steps:
    1. Open $APP_URL in your browser.	    1. Open $APP_URL in your browser.
    2. The install wizard will appear.	    2. The install wizard will appear.
    3. After install, start operations in the admin panel.	    3. After install, start operations in the admin panel.
    2. Sign in to the admin panel and start operations.	    2. Sign in to the admin panel and start operations.
  Useful commands:	  Useful commands:
# View logs	# View logs
# Open a shell in the container	# Open a shell in the container
# Full reset of the environment	# Full reset of the environment
# Pull latest from GitHub	# Pull latest from GitHub
