# HTTP-only configuration (default).	# HTTP-only configuration (default).
# Browsers block self-signed-cert pages on first access, so this mode	# Browsers block self-signed-cert pages on first access, so this mode
# serves plain HTTP on port 80 with no redirect to HTTPS, letting the	# serves plain HTTP on port 80 with no redirect to HTTPS, letting the
# install wizard render immediately. Set HTTPS=true in .env (and	# install wizard render immediately. Set HTTPS=true in .env (and
# re-run ./setup.sh) to switch to nginx.https.conf for local TLS.	# re-run ./setup.sh) to switch to nginx.https.conf for local TLS.
# File upload size limit	# File upload size limit
# WebSocket support	# WebSocket support
# Skip SSL verification (development only)	# Skip SSL verification (development only)
# Resolve the app upstream per request (resolver + variable) so an	# Resolve the app upstream per request (resolver + variable) so an
# app-container restart with a new IP does not strand nginx on the	# app-container restart with a new IP does not strand nginx on the
# dead address and 502 until web restarts. Same pattern as /vite.	# dead address and 502 until web restarts. Same pattern as /vite.
# Core updates can exceed nginx's default 60s; allow PHP's 300s.	# Core updates can exceed nginx's default 60s; allow PHP's 300s.
