# HTTP -> HTTPS redirect	# HTTP -> HTTPS redirect
# HTTPS server configuration	# HTTPS server configuration
# SSL certificate	# SSL certificate
# SSL hardening	# SSL hardening
# File upload size limit	# File upload size limit
# WebSocket support	# WebSocket support
# Skip SSL verification (development only)	# Skip SSL verification (development only)
# Resolve the app upstream per request (resolver + variable) so an	# Resolve the app upstream per request (resolver + variable) so an
# app-container restart with a new IP does not strand nginx on the	# app-container restart with a new IP does not strand nginx on the
# dead address and 502 until web restarts. Same pattern as /vite.	# dead address and 502 until web restarts. Same pattern as /vite.
# Core updates can exceed nginx's default 60s; allow PHP's 300s.	# Core updates can exceed nginx's default 60s; allow PHP's 300s.
# Long-lived cache for built assets under /assets/.	# Long-lived cache for built assets under /assets/.
# Vite emits content-hashed filenames (`<name>-<hash>.<ext>`) whose	# Vite emits content-hashed filenames (`<name>-<hash>.<ext>`) whose
# bytes never change for a given URL: a new URL is minted for every	# bytes never change for a given URL: a new URL is minted for every
# content change. `immutable` tells the browser it never has to	# content change. `immutable` tells the browser it never has to
# revalidate, and `^~` beats the regex block below so this wins	# revalidate, and `^~` beats the regex block below so this wins
# for asset requests specifically.	# for asset requests specifically.
# Nothing under the public storage symlink is ever meant to execute.	# Nothing under the public storage symlink is ever meant to execute.
# Uploads land there, and a file whose name ends in .php would otherwise	# Uploads land there, and a file whose name ends in .php would otherwise
# be handed to php-fpm.	# be handed to php-fpm.
# Dotfiles under public/ are configuration, not content (.htaccess ships	# Dotfiles under public/ are configuration, not content (.htaccess ships
# in the repo for Apache users). /.well-known stays reachable so an	# in the repo for Apache users). /.well-known stays reachable so an
# operator can serve security.txt from it.	# operator can serve security.txt from it.
# Only pass requests that name a real file. Without this, a request	# Only pass requests that name a real file. Without this, a request
# for /uploads/photo.jpg/x.php reaches php-fpm, which with PHP's	# for /uploads/photo.jpg/x.php reaches php-fpm, which with PHP's
# default cgi.fix_pathinfo walks back to photo.jpg and executes it.	# default cgi.fix_pathinfo walks back to photo.jpg and executes it.
# This file is mounted as an nginx template and envsubst'd at container start,	# This file is mounted as an nginx template and envsubst'd at container start,
# so ${DIXLASE_HTTPS_PORT} below becomes the port the stack publishes for TLS	# so ${DIXLASE_HTTPS_PORT} below becomes the port the stack publishes for TLS
# (APP_SSL_PORT in .env, 40443 by default). Without it the redirect would send	# (APP_SSL_PORT in .env, 40443 by default). Without it the redirect would send
# the browser to https://<host>/ — port 443, where nothing listens — because	# the browser to https://<host>/ — port 443, where nothing listens — because
# $host carries no port and the container cannot know which one the host maps.	# $host carries no port and the container cannot know which one the host maps.
# Only DIXLASE_-prefixed variables are substituted (NGINX_ENVSUBST_FILTER in	# Only DIXLASE_-prefixed variables are substituted (NGINX_ENVSUBST_FILTER in
# docker-compose.yml), so nginx's own $host / $request_uri survive.	# docker-compose.yml), so nginx's own $host / $request_uri survive.
