# HTTP-only configuration (default).	# HTTP のみの設定 (デフォルト)。
# Browsers block self-signed-cert pages on first access, so this mode	# 自己署名証明書のページはブラウザに初回アクセス時にブロックされるため、
# serves plain HTTP on port 80 with no redirect to HTTPS, letting the	# このモードはポート 80 で平文 HTTP を配信し HTTPS リダイレクトを行いません。
# install wizard render immediately. Set HTTPS=true in .env (and	# インストールウィザードが即座に表示されます。ローカルで TLS を使いたいときは
# re-run ./setup.sh) to switch to nginx.https.conf for local TLS.	# .env の HTTPS=true にして ./setup.sh を再実行すると nginx.https.conf を使います。
# File upload size limit	# ファイルアップロードサイズ制限
# WebSocket support	# WebSocket対応
# Skip SSL verification (development only)	# SSL検証をスキップ（開発環境のみ）
# Resolve the app upstream per request (resolver + variable) so an	# resolver と変数でアプリ upstream をリクエスト毎に解決し、
# app-container restart with a new IP does not strand nginx on the	# アプリコンテナが新しい IP で再起動しても nginx が古いアドレスに張り付き、
# dead address and 502 until web restarts. Same pattern as /vite.	# web 再起動まで 502 になるのを防ぎます。/vite と同じ方式です。
# Core updates can exceed nginx's default 60s; allow PHP's 300s.	# コア更新は nginx 既定の 60s を超え得るため PHP の 300s まで許可します。
