# HTTP -> HTTPS redirect	# HTTP → HTTPS リダイレクト
# HTTPS server configuration	# HTTPS サーバー設定
# SSL certificate	# SSL証明書の設定
# SSL hardening	# SSL設定の最適化
# File upload size limit	# ファイルアップロードサイズ制限
# WebSocket support	# WebSocket対応
# Skip SSL verification (development only)	# SSL検証をスキップ（開発環境のみ）
# Resolve the app upstream per request (resolver + variable) so an	# resolver と変数でアプリ upstream をリクエスト毎に解決し、
# app-container restart with a new IP does not strand nginx on the	# アプリコンテナが新しい IP で再起動しても nginx が古いアドレスに張り付き、
# dead address and 502 until web restarts. Same pattern as /vite.	# web 再起動まで 502 になるのを防ぎます。/vite と同じ方式です。
# Core updates can exceed nginx's default 60s; allow PHP's 300s.	# コア更新は nginx 既定の 60s を超え得るため PHP の 300s まで許可します。
# Long-lived cache for built assets under /assets/.	# /assets/ 配下のビルド済みアセットに長期キャッシュを設定します。
# Vite emits content-hashed filenames (`<name>-<hash>.<ext>`) whose	# Vite はコンテンツハッシュ付きのファイル名 (`<name>-<hash>.<ext>`) を出力し、
# bytes never change for a given URL: a new URL is minted for every	# 特定の URL に対するバイト内容は変わりません。内容が変わるたびに新しい
# content change. `immutable` tells the browser it never has to	# URL が発行される仕組みです。`immutable` により、ブラウザは再検証を
# revalidate, and `^~` beats the regex block below so this wins	# 一切行いません。また `^~` が下の正規表現ブロックより優先されるので、
# for asset requests specifically.	# アセットへのリクエストにのみこの設定が適用されます。
# Nothing under the public storage symlink is ever meant to execute.	# public/storage シンボリックリンク配下のものは、実行される想定が一切ない。
# Uploads land there, and a file whose name ends in .php would otherwise	# アップロードはそこに入るので、名前が .php で終わるファイルがあれば
# be handed to php-fpm.	# php-fpm に渡ってしまう。
# Dotfiles under public/ are configuration, not content (.htaccess ships	# public/ 配下のドットファイルは設定であってコンテンツではない (.htaccess は
# in the repo for Apache users). /.well-known stays reachable so an	# Apache 利用者向けにリポジトリに含まれる)。/.well-known は security.txt を
# operator can serve security.txt from it.	# 置けるよう到達可能なままにする。
# Only pass requests that name a real file. Without this, a request	# 実在するファイルを指すリクエストだけを通す。これが無いと
# for /uploads/photo.jpg/x.php reaches php-fpm, which with PHP's	# /uploads/photo.jpg/x.php のようなリクエストが php-fpm に届き、PHP の既定の
# default cgi.fix_pathinfo walks back to photo.jpg and executes it.	# cgi.fix_pathinfo によって photo.jpg まで遡って実行されてしまう。
# This file is mounted as an nginx template and envsubst'd at container start,	# このファイルは nginx のテンプレートとしてマウントされ、コンテナ起動時に envsubst
# so ${DIXLASE_HTTPS_PORT} below becomes the port the stack publishes for TLS	# されるため、下の ${DIXLASE_HTTPS_PORT} はスタックが TLS で公開しているポート
# (APP_SSL_PORT in .env, 40443 by default). Without it the redirect would send	# (.env の APP_SSL_PORT、既定 40443) になる。これが無いとリダイレクト先が
# the browser to https://<host>/ — port 443, where nothing listens — because	# https://<host>/ — 何も待ち受けていない 443 番 — になってしまう。$host はポートを
# $host carries no port and the container cannot know which one the host maps.	# 含まず、ホスト側がどのポートに割り当てたかはコンテナから分からないためである。
# Only DIXLASE_-prefixed variables are substituted (NGINX_ENVSUBST_FILTER in	# 置換されるのは DIXLASE_ で始まる変数だけなので (docker-compose.yml の
# docker-compose.yml), so nginx's own $host / $request_uri survive.	# NGINX_ENVSUBST_FILTER)、nginx 自身の $host / $request_uri は残る。
